configuracion,recall_medio,recall_desv,recall_minimo,segundos,pliegue_1,pliegue_2,pliegue_3,colsample_bytree,learning_rate,max_depth,min_child_weight,n_estimators,reg_alpha,reg_lambda,scale_pos_weight,subsample
34,0.3988966078345892,0.01961041171058049,0.3801295896328294,45.6,0.4259634888438134,0.3801295896328294,0.39059674502712477,0.664076333737366,0.01470002269108465,8,4.563940943974108,513,3.8125351372349985,3.1659402992749106,1.2479533352811025,0.7213062058692892
10,0.3951561755989283,0.010643134524747045,0.38120950323974084,76.9,0.4070317782285328,0.38120950323974084,0.39722724532851117,0.5317791751430119,0.021657398587036882,7,47.735964446695256,925,4.588156549160973,8.79892974968902,1.9781054912383746,0.885297914889198
37,0.3948850556271473,0.014347431079424062,0.3758099352051836,126.9,0.41041244083840434,0.3758099352051836,0.39843279083785416,0.5392281906711329,0.010650206949921897,7,1.5349390041079722,1350,1.2243980190472088,6.575153390127358,2.6870208945807006,0.6625748170684344
33,0.39420066242919205,0.007658929369204442,0.3833693304535637,60.0,0.3995943204868154,0.3833693304535637,0.3996383363471971,0.5354704584999639,0.026804126881195513,8,111.66806426365197,670,0.0121018095945955,14.379036661621068,12.194207189711609,0.8688104541180797
30,0.3914480541419871,0.018359562434086853,0.37041036717062636,50.2,0.4151453684922245,0.37041036717062636,0.3887884267631103,0.9255683357584285,0.021979422858837524,4,19.108051650354913,765,1.2248682856804867,13.807731717915695,1.7406760671787802,0.8460028906796679
32,0.39131346044700804,0.019063686589768855,0.3693304535637149,46.8,0.4158215010141988,0.3693304535637149,0.3887884267631103,0.6482550718238993,0.028380472897019313,4,98.89160225883612,724,0.017570436113703524,1.024164517634667,35.92283479197912,0.6777095814048169
38,0.39096245103725175,0.01785702806499797,0.37257019438444927,64.9,0.4151453684922245,0.37257019438444927,0.38517179023508136,0.6251214490822976,0.03914849909318799,3,33.04714658999453,1096,7.321428778380784,29.9084449734043,23.6157752015729,0.8446882984937409
15,0.3909575559848642,0.010747442917814893,0.37688984881209503,84.4,0.40297498309668695,0.37688984881209503,0.39300783604581074,0.6762844281670846,0.021326236347252694,8,14.970794998958096,848,0.2847671665944547,24.258953709486804,4.64907998797804,0.6976502088991097
36,0.38856512047647745,0.017378084274786116,0.367170626349892,103.8,0.40973630831643004,0.367170626349892,0.3887884267631103,0.8497561053835969,0.014102888186946768,7,170.1897550172771,1329,0.0930827957371382,38.9378878159457,4.686885307606119,0.7755885682822544
2,0.3880014641285663,0.01050362146927535,0.3758099352051836,52.2,0.3867478025693036,0.3758099352051836,0.4014466546112116,0.6521211214797689,0.03683895479362275,6,1.1299710886276169,674,0.6847920095574779,1.9010245319870354,5.292705365436973,0.7465447373174767
39,0.38776072235368225,0.02610150587411606,0.35529157667386607,67.2,0.4192021636240703,0.35529157667386607,0.3887884267631103,0.709800031213895,0.018507452266052736,5,55.440435392132244,896,0.10608134076349772,1.526153199965841,1.7109537773477945,0.7245653237565177
6,0.3846270244233618,0.020220470302234617,0.36825053995680346,30.3,0.41311697092630156,0.36825053995680346,0.37251356238698013,0.9211423872974993,0.03057498312874962,4,114.557776139406,469,1.519903403705408,4.498643077694103,25.885639202579256,0.8083337040103294
35,0.38413562357315795,0.025261156786632512,0.36069114470842334,19.5,0.4192021636240703,0.36069114470842334,0.37251356238698013,0.7685412135983277,0.02251727823116085,7,4.215299086766157,204,0.23539405203496117,48.311013670034406,3.030420628952775,0.7645415620226714
29,0.38311541446512876,0.017345319884582912,0.3596112311015119,47.9,0.400946585530764,0.3596112311015119,0.3887884267631103,0.5077283082644337,0.10042087081421903,3,18.703753458105485,806,7.777856590163644,50.818157035557824,5.362726012764433,0.7540390914407701
22,0.380694130188639,0.012566140975342819,0.36393088552915764,18.8,0.39418526031102097,0.36393088552915764,0.38396624472573837,0.587477463547968,0.11479888146992044,6,16.547861144770238,201,9.74453453885926,85.27833305781814,24.15241599750763,0.9530545372757359
31,0.3803201005648858,0.01392321934734478,0.36069114470842334,69.9,0.39148073022312374,0.36069114470842334,0.3887884267631103,0.9950269250521316,0.01416367791054352,5,4.780490961301536,984,3.5156803756458457,1.8760424576299277,57.02410768528659,0.8211279907631631
26,0.3793997334487731,0.00920943016105841,0.36825053995680346,64.5,0.39080459770114945,0.36825053995680346,0.3791440626883665,0.8720852615282811,0.05998253909980811,3,17.717455243839467,1154,0.12680822080429408,3.391600849438614,4.021535729341342,0.9892042219009782
16,0.37725203207457686,0.014278147877335012,0.36069114470842334,39.6,0.39553752535496955,0.36069114470842334,0.3755274261603376,0.5841455210864652,0.017222105410550883,3,8.496482024526731,641,7.715105777813049,3.188339735100187,17.050803239790007,0.7203513239267079
8,0.37680127705992733,0.013703551050386724,0.36069114470842334,79.2,0.39418526031102097,0.36069114470842334,0.3755274261603376,0.6481367528520412,0.01507832087942244,3,186.57628587792436,1352,0.039459088111000004,1.0257563974185648,104.71209213501692,0.8827429375390468
25,0.3763715132904286,0.013337888003041169,0.35853131749460043,34.5,0.37998647734956054,0.35853131749460043,0.39059674502712477,0.7743668946832931,0.05580592634777072,7,3.2813337705313903,360,0.01132990036882279,9.722712197452008,2.7731000191816704,0.7465875138331439
23,0.3757113717717265,0.008675266382047199,0.36393088552915764,93.3,0.3786342123056119,0.36393088552915764,0.3845690174804099,0.5943535541706897,0.01999644227510753,5,46.8215506403832,1354,3.7065757121099994,6.441933751482511,158.16638219700664,0.9403713795070051
28,0.37162219148030734,0.01613151009896379,0.3488120950323974,79.7,0.38269100743745776,0.3488120950323974,0.3833634719710669,0.7495966899423762,0.041428213379149474,3,1.259892778776678,1395,6.627897035983006,80.88298191148203,184.5992899481122,0.7480634801021777
18,0.3715965067592835,0.010545282600395266,0.357451403887689,105.3,0.3745774171737661,0.357451403887689,0.38276069921639544,0.5724474360456115,0.03374490732182951,8,3.605590828517547,1035,0.017480746666538233,5.486670911103223,3.9797842608501353,0.9212559025519583
11,0.3666024508149717,0.014977923636037331,0.34557235421166305,116.8,0.3793103448275862,0.34557235421166305,0.37492465340566605,0.8803925243084487,0.04033850749129072,9,3.8834783791849485,994,0.3699972431463809,7.16278699989734,1.1560224259168135,0.6431565707973218
13,0.3646805301011291,0.01733041742289792,0.34233261339092874,86.0,0.3671399594320487,0.34233261339092874,0.3845690174804099,0.5384899549143964,0.020544441240915437,8,106.1653773649916,881,2.6568139241144926,18.484491720988622,144.11644831969477,0.9214688307596458
1,0.3639892040794724,0.0073334726686193575,0.3542116630669546,61.2,0.37187288708586885,0.3542116630669546,0.36588306208559374,0.8005575058716043,0.058094985386619696,8,1.3483565073257977,543,3.142880890840109,2.65875439832727,2.8209961335144906,0.6733618039413735
20,0.36363259850076207,0.009853785971360805,0.34989200863930886,31.8,0.3684922244759973,0.34989200863930886,0.37251356238698013,0.9291794024068599,0.022478572993815626,6,1.0918653698967058,346,0.11117265099859656,1.5572312204961867,213.69293747641132,0.759028808435009
24,0.3627245588007904,0.0030892339085364733,0.35853131749460043,109.9,0.36375929682217717,0.35853131749460043,0.36588306208559374,0.9678174971104738,0.07039225896931219,6,21.685894168867392,1335,0.020156477059365012,21.23261760236048,1.0292909562864097,0.6643232205669994
12,0.35933493439837133,0.007187651243271887,0.3542116630669546,56.7,0.35429344151453684,0.3542116630669546,0.36949969861362264,0.5157145928433671,0.048618569963389875,6,19.774885928261966,684,0.05595986878006084,6.61859559718348,74.40322909623879,0.6915192661966489
9,0.35565176573724994,0.004827747641958776,0.351416515973478,111.1,0.36240703177822853,0.3531317494600432,0.351416515973478,0.8645035840204937,0.06797363478611679,7,135.34621231243992,1217,0.022264204303769682,53.236175947514994,34.99331111708851,0.7323592099410596
7,0.35352678661351283,0.006844925874767797,0.3444924406047516,135.3,0.36105476673427994,0.3444924406047516,0.3550331525015069,0.9805860121746746,0.08154645595302654,7,4.210971105328151,1276,0.5757759187507041,85.21393381383606,31.893151603635232,0.7103996728090174
5,0.35339505900207513,0.016908246204339845,0.3304535637149028,86.4,0.359026369168357,0.3304535637149028,0.3707052441229656,0.8049983288913105,0.07928085462041416,5,123.7010884029901,1225,0.18856783874794994,2.6054534945804004,25.483703786459927,0.6125253169822235
21,0.35308826262798104,0.019285525271565126,0.33874239350912777,51.9,0.33874239350912777,0.34017278617710583,0.38034960819770947,0.75887567526374,0.0801753816482241,5,6.09261736947247,672,0.04238526104026902,12.103081218396834,52.910555886365884,0.6914200087189198
0,0.3522595076364415,0.01333907372215836,0.33369330453563717,80.7,0.36443542934415146,0.33369330453563717,0.35864978902953587,0.6872700594236812,0.10616785666328349,5,62.24326690252462,1244,0.02938027938703535,2.0511104188433973,1.3927723945289012,0.9464704583099741
17,0.34730976111481526,0.01393976616365072,0.33369330453563717,28.4,0.3664638269100744,0.33369330453563717,0.34177215189873417,0.6424202471887338,0.01095992801765073,3,176.69339182505811,419,0.014270403521460839,3.608219327363786,177.78074879158706,0.695824756266789
4,0.34151311243387034,0.0025790592067914727,0.33801295896328293,73.3,0.3441514536849222,0.33801295896328293,0.3423749246534057,0.5325257964926398,0.10568649045073551,6,19.77621092615901,976,0.011166029133981346,2.895927274708838,3.9541150801424294,0.8733054075301833
27,0.33746671213634266,0.006889072016339551,0.3299526707234618,72.9,0.3299526707234618,0.33585313174946,0.3465943339361061,0.6965488623333802,0.09176560093091532,5,9.989746437577999,997,0.8616087209074258,21.769483208194863,138.2444939468502,0.6920741072966221
3,0.3274741083483606,0.01793435327891443,0.3096686950642326,102.6,0.3096686950642326,0.3207343412526998,0.35201928872814947,0.728034992108518,0.07036345763472981,5,7.586762940448891,1467,0.59874749104614,1.2385137298860929,31.98617182203561,0.6682096494749166
14,0.32632989315371713,0.001764127373288481,0.32386747802569305,107.4,0.32386747802569305,0.32721382289416845,0.32790837854128996,0.5932850294430179,0.09188252727216442,5,5.576062362820121,1454,5.2539426107000855,3.5015835937028985,40.216749317988,0.6002081507981263
19,0.32597818262739425,0.005772021906840771,0.3185745140388769,100.2,0.332657200811359,0.3185745140388769,0.32670283303194697,0.7351503172230192,0.11515738930806396,8,17.093603226305152,951,2.4833353742622606,2.001866389140702,18.149722592157953,0.8783251227163527
