configuracion,recall_medio,recall_desv,recall_minimo,segundos,pliegue_1,pliegue_2,pliegue_3,n_estimators,learning_rate,num_leaves,max_depth,min_child_samples,subsample,colsample_bytree,reg_lambda,scale_pos_weight
1,0.393846817744532,0.0203686815774304,0.3693304535637149,75.97997903823853,0.4192021636240703,0.3693304535637149,0.3930078360458107,969,0.0142619592289396,102,6,711,0.6727299868828402,0.6668543055695109,46.22589001020831,3.357296705351792
8,0.3913782615747921,0.0156353891722312,0.3693304535637149,89.43566298484802,0.400946585530764,0.3693304535637149,0.4038577456298975,1276,0.0262695868041945,38,5,928,0.8170784332632994,0.6626651653816322,5.170191786366991,4.964881017106655
22,0.3911948577553012,0.018742615889521,0.3736501079913606,84.71336150169373,0.4171737660581474,0.3736501079913606,0.3827606992163954,1347,0.012515235511067,73,4,250,0.8363571772752967,0.7678873420373793,2.360679457281306,1.2618419742822211
35,0.387044548725697,0.0236041815455549,0.3542116630669546,92.85580468177795,0.3982420554428668,0.3542116630669546,0.4086799276672694,1053,0.0127312500964408,37,11,992,0.9509492287711822,0.7850305850446825,1.906198091855399,19.229385181465737
12,0.3861987728421434,0.0236439798194033,0.3531317494600432,51.711554288864136,0.4070317782285328,0.3531317494600432,0.3984327908378541,842,0.0403351224428809,15,6,662,0.7024273291045295,0.6373608964950321,27.76253009443832,3.8420521946963135
7,0.385641742551928,0.019416571200603,0.3585313174946004,72.83384275436401,0.4029749830966869,0.3585313174946004,0.3954189270644966,1015,0.0305749831287496,29,5,319,0.6180909155642152,0.9211423872974992,1.5030900645056815,3.058252321378966
28,0.3853398412302213,0.0151691980158305,0.3639308855291576,120.47246742248537,0.3948613928329952,0.3639308855291576,0.3972272453285111,1021,0.0202489352340078,49,9,387,0.8848716885390143,0.9868319183776586,20.133650202440467,3.593703753553801
39,0.3820476266978438,0.0206890685275677,0.355291576673866,39.29954719543457,0.4056795131845842,0.355291576673866,0.3851717902350813,504,0.0203812091415596,66,5,619,0.8148329708786621,0.7713223173537883,1.1958300672269888,5.639303290130122
26,0.3800952225976131,0.0080536483441062,0.3704103671706263,69.30279803276062,0.3901284651791751,0.3704103671706263,0.379746835443038,1015,0.0159826641045984,94,4,148,0.9119502183430496,0.94131817159467,62.261634823634616,157.55080855269668
27,0.3794481404202561,0.0149821934721881,0.3585313174946004,40.65350866317749,0.3928329952670723,0.3585313174946004,0.3869801084990958,303,0.012325435469594,98,11,469,0.9760533769831112,0.8210158230771438,14.50017497277009,8.359678082952966
10,0.3761638577916844,0.0088832144151655,0.3650107991360691,39.01545286178589,0.3867478025693036,0.3650107991360691,0.3767329716696805,578,0.0585688767289932,19,6,338,0.9659838702175124,0.5994212020444025,71.2199651830162,41.0012161192394
23,0.3751919504656471,0.0159938028809609,0.357451403887689,31.795424222946167,0.3962136578769439,0.357451403887689,0.3719107896323086,346,0.0104208051123667,34,6,560,0.8763750952409863,0.8387821809211412,19.51396765593445,2.7035025739687875
37,0.3748738565641538,0.0167525290361533,0.355291576673866,23.76630187034607,0.3962136578769439,0.355291576673866,0.3731163351416516,235,0.0967279708873665,59,5,952,0.7587135308855554,0.9335361592900518,2.446515136250339,1.4987501974762731
29,0.3739333353175857,0.0216215119666319,0.3434125269978402,117.44108510017396,0.3908045977011494,0.3434125269978402,0.3875828812537673,1358,0.022447358971245,81,7,553,0.637469907131237,0.6186245437484,20.66454201865007,25.572272317594205
9,0.3728742113793106,0.026450224262062,0.33585313174946,38.808918476104736,0.3867478025693036,0.33585313174946,0.3960216998191682,720,0.0734033595427046,102,4,906,0.6056319290860338,0.5704621124873813,6.162586615353726,5.333420128193771
14,0.3721104590920696,0.0288443281958542,0.3315334773218142,49.74024748802185,0.3887762001352265,0.3315334773218142,0.3960216998191682,430,0.0563103098140985,123,8,456,0.9771414282231924,0.7816377859881918,12.013849374287174,3.1842508675065853
4,0.3698714435568379,0.018048684745447,0.345572354211663,98.06579422950745,0.3752535496957404,0.345572354211663,0.3887884267631103,1497,0.0542219506245937,18,4,216,0.7541666010159664,0.9299702033681604,76.63082680255852,24.85039046080664
6,0.368405970413622,0.0118726240507608,0.355291576673866,76.38053917884827,0.3840432724814063,0.355291576673866,0.3658830620855937,1221,0.0157277199806324,20,7,51,0.6125253169822235,0.6955303037866204,2.6054534945804004,25.483703786459927
11,0.3656556978612686,0.0123277244309107,0.3498920086393088,47.127305030822754,0.3799864773495605,0.3498920086393088,0.3670886075949367,702,0.0305519362071408,37,4,97,0.8365191150830908,0.9250192888948996,21.761183209050422,44.624197964618574
16,0.3631801124808042,0.013026636673363,0.3488120950323974,131.87681221961975,0.3603786342123056,0.3488120950323974,0.3803496081977094,1454,0.0281507340932874,76,9,380,0.7708431154505025,0.6092202186084168,1.6599837974449216,3.669636406883332
20,0.3618012600227507,0.0135190318819659,0.3434125269978402,71.76156377792358,0.3664638269100744,0.3434125269978402,0.3755274261603376,1353,0.0235718907414527,67,4,452,0.6968221086046001,0.5165253664502742,9.525889086580769,276.4239633707394
5,0.3617854705959928,0.0198913545593264,0.3401727861771058,90.65969228744508,0.356997971602434,0.3401727861771058,0.3881856540084388,1155,0.0177490979635916,85,7,416,0.6693458614031088,0.5079831261101071,16.595613641357254,115.85767933179793
3,0.3591391067757161,0.0064683080008386,0.3520518358531317,109.83746576309204,0.3576741041244083,0.3520518358531317,0.3676913803496082,1157,0.0248525428089394,65,9,736,0.786705157299192,0.6460723242676091,5.82001337270985,272.63532463610534
32,0.3586280513351089,0.019591792000804,0.3347732181425486,79.2707405090332,0.3583502366463827,0.3347732181425486,0.3827606992163954,1443,0.0497257791276197,44,4,221,0.7480634801021777,0.5121579832157269,80.88298191148203,184.5992899481122
2,0.3571988593237495,0.0153522675655898,0.33585313174946,92.16423201560974,0.3644354293441514,0.33585313174946,0.3713080168776371,947,0.0212976910551017,103,9,302,0.6557975442608167,0.5917022549267169,3.823475224675185,32.781876533976146
30,0.3550847745743828,0.0149009562505617,0.3347732181425486,30.997111797332764,0.3603786342123056,0.3347732181425486,0.3701024713682941,237,0.0193286455318365,116,9,719,0.8524554503989051,0.6838579015297168,6.112170343513631,162.0718098987322
15,0.3538949221047743,0.0177784582642367,0.3326133909287257,87.19432425498962,0.3529411764705882,0.3326133909287257,0.376130198915009,881,0.0562080954274067,59,7,627,0.782613828193164,0.799432733244268,3.901821268272623,1.825248807094868
18,0.3524264864909938,0.0053406061115663,0.3475321162947938,174.21881937980652,0.3475321162947938,0.3498920086393088,0.3598553345388788,1456,0.0223251580892614,66,11,521,0.9849789179768444,0.9714548519562596,5.33653306637961,255.40068166613503
19,0.3515753160150006,0.0105591438058903,0.3434125269978402,66.66284990310669,0.3448275862068966,0.3434125269978402,0.3664858348402652,1151,0.0344049762340229,95,4,662,0.7644148053272926,0.6258911479126821,3.416347415306914,262.5389021099412
38,0.3479442179124934,0.0093105913460329,0.3369330453563715,90.2991783618927,0.3597025016903313,0.3369330453563715,0.3471971066907776,1033,0.0905358533837644,46,10,141,0.786239207252984,0.5253842655196985,14.34036752877273,1.2275335488860937
17,0.3371392532892729,0.0094799596004765,0.3250539956803456,101.20739793777466,0.3482082488167681,0.3250539956803456,0.3381555153707052,848,0.0848954282314666,76,10,759,0.7350460685614512,0.9090073829612466,2.7810936979265537,1.9811668345619415
21,0.3253034831471906,0.009583681813828,0.3120950323974082,83.26025247573853,0.3292765382014875,0.3120950323974082,0.3345388788426763,966,0.0663629381149625,52,6,450,0.8534118843043579,0.8360677737029393,5.439591236568525,36.83818397185091
0,0.3248720847594069,0.0085305400217232,0.3142548596112311,108.3131937980652,0.3252197430696416,0.3142548596112311,0.3351416515973478,1244,0.1061678566632834,117,6,121,0.7836995567863468,0.6872700594236812,7.792297153882991,1.768682948557255
31,0.323649115205021,0.0060825367894664,0.3153347732181425,108.38668417930604,0.325895875591616,0.3153347732181425,0.3297166968053044,1159,0.0348687616974057,111,7,928,0.7123089449763423,0.8974056517708242,2.4574572727813155,61.60294721577358
36,0.3102971380158559,0.0181858815673753,0.290736984448952,121.7246594429016,0.290736984448952,0.3056155507559395,0.3345388788426763,1399,0.056520541745879,53,6,295,0.9240453578716724,0.8703843088771022,3.865304288032152,101.13133051262837
13,0.2918249646374277,0.0083166883537101,0.2857142857142857,63.78015112876892,0.3035835023664638,0.2861771058315335,0.2857142857142857,1091,0.058470130455149,91,5,603,0.7901480892728447,0.5202167947692157,2.5318525210031804,165.54460886005154
25,0.2441109788813189,0.0228784473104062,0.2121760096443641,65.64053082466125,0.255578093306288,0.2645788336933045,0.2121760096443641,1080,0.0761957717744233,16,4,621,0.8233173814428391,0.8299920230170895,98.28956194475674,246.29794868630464
33,0.2432340581059161,0.0091407967942497,0.2311015118790496,22.280765056610107,0.2454361054766734,0.2311015118790496,0.2531645569620253,380,0.100420870814219,109,4,351,0.7177795568278342,0.5077283082644337,84.5746003373148,129.72027259021556
24,0.2248330139494301,0.0221199106147893,0.2008639308855291,38.95294642448425,0.2542258282623394,0.2008639308855291,0.2194092827004219,672,0.1025419179985157,64,4,828,0.7031766510860622,0.6933676731502687,70.69476197217989,149.03077498483168
34,0.0680640072120802,0.096257042108784,0.0,23.93855381011963,0.2041920216362407,0.0,0.0,327,0.0828954576838962,32,11,372,0.8784119186699892,0.6925488643009626,12.989801809330634,208.4341563379046
