experimento,fecha,commit,dataset,n_predictores_dataset,n_variables,derivadas,conjunto,anio_validacion,anios_train,gap_train_val,mejor_iteracion,modelo,modulo_negativos,resto_negativos,segundos,test_evaluado,train_roc_auc,val_brier_score,val_fpr_achieved,val_lift_vs_azar,val_n_positives,val_n_rows,val_pr_auc,val_prevalence,val_recall_at_fpr5,val_recall_at_top1%_daily,val_recall_at_top1%_daily_ci90_high,val_recall_at_top1%_daily_ci90_low,val_recall_ci90_high,val_recall_ci90_low,val_roc_auc,val_threshold_at_fpr
egif_v1_vecindad,2026-09-06 18:38,7db219a+sucio,egif,47,69,True,(todas),2022,2019-2020-2021,0.07452735531992527,669.0,lightgbm,25,0,166.4,False,0.9617320277506327,0.00015334023901927144,0.04999997222918035,14.99733472160744,1659,10804365,0.0023028265245710177,0.0001535490517027146,0.4472573839662447,0.09282700421940929,0.10608800482218204,0.081374321880651,0.46835443037974683,0.42793851717902354,0.8872046724307074,0.01585840992629528
v1_dataset54,2026-08-26 16:57,81dab96+sucio,egif_v0_54vars,54,54,False,(todas),2022,2019-2020-2021,0.0749702069165092,511.0,lightgbm,25,0,89.4,False,0.9445862236389024,0.0001534170801515,0.0500000647985791,8.891356746687743,1659,10804365,0.0013652593968044,0.0001535490517027,0.379746835443038,0.0741410488245931,,,0.4008438818565401,0.3604581072935503,0.8696160167223933,0.0147079681046307
v1_dataset54,2026-08-26 16:57,81dab96+sucio,egif_v0_54vars,54,54,False,(todas),2022,2019-2020-2021,0.0123862858553874,,logistic_regression,25,0,33.6,False,0.8554043206998388,0.0001534667882254,0.0499999722291803,5.138265592435013,1659,10804365,0.000788975809115,0.0001535490517027,0.3146473779385171,0.0307414104882459,,,0.3351416515973478,0.2953586497890295,0.8430180348444514,0.8500821590423584
v1_dataset54,2026-08-26 16:57,81dab96+sucio,egif_v0_54vars,54,54,False,(todas),2022,2019-2020-2021,0.1378406246478876,,random_forest,25,0,256.4,False,0.9864503903877752,0.0001534612007529,0.0500000647985791,5.6021661985942925,1659,10804365,0.0008602073072751,0.0001535490517027,0.3146473779385171,0.0427968655816757,,,0.3345388788426763,0.295961422543701,0.8486097657398876,0.4640239849686622
v1_dataset54,2026-08-26 16:57,81dab96+sucio,egif_v0_54vars,54,54,False,(todas),2022,2019-2020-2021,0.049214835808552,560.0,xgboost,25,0,80.9,False,0.9152548308126972,0.0001534277702856,0.0500000647985791,8.094267361360288,1659,10804365,0.0012428670775651,0.0001535490517027,0.3688969258589512,0.0699216395418927,,,0.3887884267631103,0.3496081977094635,0.8660399950041451,0.0150447688065469
v1_derivadas66,2026-08-26 16:57,81dab96+sucio,egif_v0_54vars,54,66,True,(todas),2022,2019-2020-2021,0.0780077216767218,538.0,lightgbm,25,0,87.6,False,0.9493405327014788,0.0001534154627543,0.0500000647985791,9.040123470444923,1659,10804365,0.0013881023861622,0.0001535490517027,0.3863773357444243,0.0747438215792646,,,0.4068716094032549,0.3670886075949367,0.871332811024757,0.0145223145373165
v1_derivadas66,2026-08-26 16:57,81dab96+sucio,egif_v0_54vars,54,66,True,(todas),2022,2019-2020-2021,0.0192906102329096,,logistic_regression,25,0,83.6,False,0.8629744631445578,0.0001534620204246,0.0499999722291803,5.596724475809177,1659,10804365,0.0008593717359018,0.0001535490517027,0.3050030138637734,0.0403857745629897,,,0.323086196503918,0.2862869198312236,0.8436838529116482,0.8306227326393127
v1_derivadas66,2026-08-26 16:57,81dab96+sucio,egif_v0_54vars,54,66,True,(todas),2022,2019-2020-2021,0.1368555719224274,,random_forest,25,0,454.1,False,0.9863184635191082,0.0001534616305883,0.0500000647985791,5.469776246688829,1659,10804365,0.0008398789557051,0.0001535490517027,0.3194695599758891,0.0367691380349608,,,0.3393610608800482,0.3013863773357444,0.8494628915966808,0.4679656997323036
v1_derivadas66,2026-08-26 16:57,81dab96+sucio,egif_v0_54vars,54,66,True,(todas),2022,2019-2020-2021,0.0751408196553944,1343.0,xgboost,25,0,217.3,False,0.9436002325718504,0.00015342285144,0.0499999722291803,8.413798176304008,1659,10804365,0.0012919307311895,0.0001535490517027,0.373719107896323,0.0705244122965642,,,0.3936407474382157,0.353827606992164,0.868459412916456,0.0155599489808082
v1_top30,2026-08-26 16:57,81dab96+sucio,egif_v0_54vars,54,30,True,top30,2022,2019-2020-2021,0.0644427299455431,433.0,lightgbm,25,0,63.7,False,0.9354452173933148,0.0001537002048961,0.0500000647985791,9.27745272665516,1659,10804365,0.0014245440683946,0.0001535490517027,0.3954189270644966,0.0620855937311633,0.0717299578059071,0.051838456901748,0.4159132007233273,0.3767028330319469,0.8710024874477716,0.0147057313006371
v1_top30,2026-08-26 16:57,81dab96+sucio,egif_v0_54vars,54,30,True,top30,2022,2019-2020-2021,0.0122510827053391,,logistic_regression,25,0,31.4,False,0.8554929700529302,0.0001534694013476,0.0500000647985791,4.916951851532411,1659,10804365,0.0007549932940707,0.0001535490517027,0.2911392405063291,0.0349608197709463,0.0427968655816757,0.0277275467148884,0.3104279686558167,0.2730560578661845,0.8432418873475911,0.8266709744930267
v1_top30,2026-08-26 16:57,81dab96+sucio,egif_v0_54vars,54,30,True,top30,2022,2019-2020-2021,0.1369923529752325,,random_forest,25,0,232.4,False,0.9859546395300086,0.0001534629036516,0.0500000647985791,5.447767980452165,1659,10804365,0.0008364996072948,0.0001535490517027,0.3200723327305605,0.0421940928270042,0.050632911392405,0.0343580470162748,0.3405666063893912,0.3025617842073538,0.8489622865547761,0.4716123417019844
v1_top30,2026-08-26 16:57,81dab96+sucio,egif_v0_54vars,54,30,True,top30,2022,2019-2020-2021,0.0430387423764544,512.0,xgboost,25,0,78.2,False,0.9114979977742772,0.0001534272104764,0.0499999722291803,8.136119848699032,1659,10804365,0.0012492934873073,0.0001535490517027,0.3839662447257383,0.0602772754671488,0.0699216395418927,0.050632911392405,0.403887884267631,0.3634418324291742,0.8684592553978228,0.0150580452755093
v2_dataset47,2026-08-26 17:16,81dab96+sucio,egif,47,47,False,(todas),2022,2019-2020-2021,0.0806936886053077,631.0,lightgbm,25,0,78.7,False,0.9508922410670522,0.0001533795252329,0.0499999722291803,11.612332851663384,1659,10804365,0.0017830626974291,0.0001535490517027,0.3936106088004822,0.0783604581072935,0.0898131404460518,0.0669077757685352,0.4135021097046413,0.373719107896323,0.8701985524617444,0.0136029291898012
v2_dataset47,2026-08-26 17:16,81dab96+sucio,egif,47,47,False,(todas),2022,2019-2020-2021,0.0166897341025487,,logistic_regression,25,0,24.6,False,0.8531436034359982,0.000153470901177,0.0499999722291803,4.9463421287558855,1659,10804365,0.0007595061432676,0.0001535490517027,0.2827004219409282,0.0379746835443038,0.0458107293550331,0.0307414104882459,0.3013863773357444,0.2640144665461121,0.8364538693334495,0.8058367967605591
v2_dataset47,2026-08-26 17:16,81dab96+sucio,egif,47,47,False,(todas),2022,2019-2020-2021,0.138849505695533,,random_forest,25,0,238.1,False,0.9882470344247184,0.0001534603530519,0.0499999722291803,5.543389893528813,1659,10804365,0.0008511822613697,0.0001535490517027,0.3122362869198312,0.0452079566003616,0.053044002411091,0.0373719107896323,0.3315250150693188,0.294755877034358,0.8493975287291855,0.4598907828330993
v2_dataset47,2026-08-26 17:16,81dab96+sucio,egif,47,47,False,(todas),2022,2019-2020-2021,0.0438130508190016,581.0,xgboost,25,0,76.7,False,0.9123955578795828,0.0001534152913156,0.0499998796597815,8.987650632553695,1659,10804365,0.0013800452316639,0.0001535490517027,0.3881856540084388,0.0717299578059071,0.0825798673899939,0.0614828209764918,0.4080771549125979,0.3688969258589512,0.8685825070605813,0.0144962267950177
v2_derivadas61,2026-08-26 17:24,81dab96+sucio,egif,47,61,True,(todas),2022,2019-2020-2021,0.082875947501699,607.0,lightgbm,25,0,91.7,False,0.9545673250325996,0.0001533890611305,0.0499999722291803,10.80351136677252,1659,10804365,0.0016588689254274,0.0001535490517027,0.3905967450271247,0.0747438215792646,0.0861965039180229,0.0650994575045208,0.4122965641952983,0.371880650994575,0.8716913775309006,0.0143634127452969
v2_derivadas61,2026-08-26 17:24,81dab96+sucio,egif,47,61,True,(todas),2022,2019-2020-2021,0.0155965139589188,,logistic_regression,25,0,39.6,False,0.8597345613599721,0.0001534625423026,0.0499999722291803,5.571380167948471,1659,10804365,0.0008554801414637,0.0001535490517027,0.3164556962025316,0.0409885473176612,0.0500301386377335,0.0331525015069318,0.3351717902350813,0.2977697408077155,0.8441380474010532,0.8244215250015259
v2_derivadas61,2026-08-26 17:24,81dab96+sucio,egif,47,61,True,(todas),2022,2019-2020-2021,0.1378877858358944,,random_forest,25,0,297.8,False,0.9882672580220044,0.0001534609214455,0.0499999722291803,5.434145894918235,1659,10804365,0.0008344079489788,0.0001535490517027,0.3146473779385171,0.0349608197709463,0.0427968655816757,0.0277275467148884,0.3351416515973478,0.295961422543701,0.85037947218611,0.4483834505081177
v2_derivadas61,2026-08-26 17:24,81dab96+sucio,egif,47,61,True,(todas),2022,2019-2020-2021,0.0326190845042169,208.0,xgboost,25,0,53.1,False,0.8965228537342511,0.0001534250723403,0.0499999722291803,8.157694527392126,1659,10804365,0.0012526062587614,0.0001535490517027,0.3622664255575648,0.0675105485232067,0.077757685352622,0.0572634116937914,0.3815551537070524,0.3441832429174201,0.8639037692300342,0.0138868419453501
